[
	{
		"title": "E-commerce/Shopify clone",
		"link": "https://www.youtube.com/watch?v=y66RgYMAgSo",
		"type": "video"
	},
	{
		"title": "Social Media App",
		"link": "https://www.youtube.com/watch?v=1RHDhtbqo94&t=12003s",
		"type": "video"
	},
	{
		"title": "Hotel Booking/Reservation App",
		"link": "https://www.youtube.com/watch?v=k3Vfj-e1Ma4",
		"type": "video"
	},
	{
		"title": "Food Delivery App",
		"link": "https://www.youtube.com/watch?v=Z-hACIsjv4E",
		"type": "video"
	},
	{
		"title": "Real time chat app",
		"link": "https://www.youtube.com/watch?v=MJzbJQLGehs&t=41s",
		"type": "video"
	},
	{
		"title": "Expense Tracker",
		"link": "https://www.youtube.com/watch?v=XuFDcZABiDQ&t=100s",
		"type": "video"
	}
]
