[
    {
        "title": "AI in Practice (edx)",
        "link": "https://www.edx.org/professional-certificate/delftx-ai-in-practice",
        "type": "video"
    },
    {
        "title": "Machine learning and artificial intelligence (Google)",
        "link": "https://cloud.google.com/training/machinelearning-ai",
        "type": "docs"
    },
    {
        "title": "Advanced AI: Deep Reinforcement Learning (Udemy)",
        "link": "https://www.udemy.com/course/deep-reinforcement-learning-in-python/",
        "type": "video"
    },
    {
        "title":"ANNetGPGPU",
        "link":"https://github.com/ANNetGPGPU/ANNetGPGPU",
        "type": "docs"
    },
     {
        "title":"AI resources",
        "link":"http://scikit-learn.org/stable/",
        "type": "docs"
    }
]
