[
    {
        "title": "IBM Applied AI",
        "link": "https://www.coursera.org/professional-certificates/applied-artifical-intelligence-ibm-watson-ai",
        "type": "video"
    },
    {
        "title": "Artificial Intelligence: Principles and Techniques ",
        "link": "https://www.youtube.com/playlist?list=PLoROMvodv4rO1NB9TD4iUZ3qghGEGtqNX",
        "type": "video"
    },
    {
        "title": "Azure AI Fundamentals (freeCodeCamp.org)",
        "link": "https://www.youtube.com/watch?v=OwZHNH8EfSU&ab_channel=freeCodeCamp.org",
        "type": "video"
    }
]