[
    {
    "title": "REST API Crash Course",
    "link": "https://youtu.be/qbLc5a9jdXo?t=1",
    "type": "video"
    },
    {
    "title": "Postman Beginner's Course - API Testing",
    "link": "https://youtu.be/VywxIQ2ZXw4?t=1",
    "type": "video"
    },
    {
    "title": "Developing APIs with Google Cloud's Apigee API Platform Specialization",
    "link": "https://www.coursera.org/specializations/apigee-api-gcp",
    "type": "video"
    },
    {
    "title": "Designing RESTful APIs",
    "link": "https://www.udacity.com/course/designing-restful-apis--ud388",
    "type": "video"
    }

]