[
  {
    "title": "Coursera",
    "link": "https://www.coursera.org/specializations/blockchain",
    "type": "video"
  },
  {
    "title": "Simplilearn",
    "link": "https://www.youtube.com/watch?v=SyVMma1IkXM",
    "type": "video"
  },
  {
    "title": "Coursera",
    "link": "https://www.coursera.org/learn/cryptocurrency#",
    "type": "video"
  },
  {
    "title": "DAPP University Blockchain Course",
    "link": "https://www.youtube.com/watch?v=CgXQC4dbGUE",
    "type": "video"
  },
  {
    "title": "Buildspace",
    "link": "https://buildspace.so/",
    "type": "docs"
  }
]
