[
    {
        "title": "GeeksForGeeks",
        "link": "https://www.geeksforgeeks.org/java/",
        "type": "docs"
    },
    {
        "title": "Java Documentation",
        "link": "https://docs.oracle.com/en/java/",
        "type": "docs"
    },
    {
        "title": "FreeCodeCamp",
        "link": "https://www.freecodecamp.org/news/tag/java/",
        "type": "docs"
    },
    {
        "title": "Java resources",
        "link": "https://www.infoworld.com/article/2074929/my-favorite-online-resources-for-advanced-java-developers.html",
        "type": "docs"
    },
    {
        "title": "Simplilearn",
        "link": "https://youtu.be/Ae-r8hsbPUo",
        "type": "video"
    },
    {
        "title": "Edureka",
        "link": "https://youtu.be/vJ-Zn4fo0MQ",
        "type": "video"
    },
    {
        "title": "Java Cheatsheet",
        "link": "https://introcs.cs.princeton.edu/java/11cheatsheet/",
        "type": "docs"
    },
    {
        "title": "Java repository",
        "link": "https://github.com/swati-gwc/Java-programs",
        "type": "docs"
    }
]
