[
    {
        "title": "freeCodeCamp- Data structures and algorithms course",
        "link": "https://www.freecodecamp.org/learn/javascript-algorithms-and-data-structures/#javascript-algorithms-and-data-structures-projects"
    },
    {
        "title": "Data Structures Easy to Advanced",
        "link": "https://youtu.be/RBSGKlAvoiM"
    },
    {
        "title": "Data Structures-Using C and C++",
        "link": "https://youtu.be/B31LgI4Y4DQ"
    },
    {
        "title": "Algorithms Course - Graph Theory",
        "link": "https://youtu.be/09_LlHjoEiY?t=148"
    },
    {
        "title": "Binary Tree Algorithms",
        "link": "https://youtu.be/fAAZixBzIAI"
    },
    {   "title":"Introduction to Algorithms",
        "link": "https://youtube.com/playlist?list=PLUl4u3cNGP61Oq3tWYp6V_F-5jb5L2iHb"
    }
]