[
    {
        "title": "Socket.IO",
        "link": "https://socket.io/",
        "type": "docs"
    },
    {
        "title": "MochaJS testing library",
        "link": "https://mochajs.org/",
        "type": "docs"
    },
    {
        "title": "ChaiJS assertion library",
        "link": "https://www.chaijs.com/",
        "type": "docs"
    },
    {
        "title": "MDN DOCS",
        "link": "https://developer.mozilla.org/",
        "type": "docs"
    },
    {
        "title": "Nodejs Website Tutorials",
        "link": "https://nodejs.dev/learn",
        "type": "docs"
    }
]